{
    "x_pixel_size": 0.05,
    "y_rotation": 0,
    "x_rotation": 0,
    "y_pixel_size": -0.05,
    "x_origin": 577344.7165226148,
    "y_origin": 6139798.10234485
}